,barcode,Patient ID,Tissue Sample ID,Tissue
0,21212111012212102210221100,GTEX-1117F,GTEX-1117F-1426,Thyroid
1,11221112011112221121221011,GTEX-111CU,GTEX-111CU-0226,Thyroid
2,02210011112102112101121011,GTEX-111FC,GTEX-111FC-1026,Thyroid
3,11211012102102212011121010,GTEX-111VG,GTEX-111VG-0526,Thyroid
4,10111111101022121111121112,GTEX-111YS,GTEX-111YS-0726,Thyroid
5,21112011102101122021111112,GTEX-1122O,GTEX-1122O-0226,Thyroid
6,11101012101100211100111010,GTEX-1128S,GTEX-1128S-0126,Thyroid
7,00120022110102210002212101,GTEX-113JC,GTEX-113JC-0126,Thyroid
8,01220122101211211112221110,GTEX-117XS,GTEX-117XS-0526,Thyroid
9,10211011110102110000220210,GTEX-117YW,GTEX-117YW-0126,Thyroid
10,10021100022112022010122001,GTEX-117YX,GTEX-117YX-1226,Thyroid
11,10001122111212211210210121,GTEX-1192W,GTEX-1192W-0126,Thyroid
12,00110112201112221001210110,GTEX-1192X,GTEX-1192X-1126,Thyroid
13,12101211201122111210210102,GTEX-11DXX,GTEX-11DXX-0226,Thyroid
14,01000101011111101200101101,GTEX-11DXZ,GTEX-11DXZ-0926,Thyroid
15,22222120101020121111022110,GTEX-11DYG,GTEX-11DYG-0826,Thyroid
16,01100002101002221100220101,GTEX-11DZ1,GTEX-11DZ1-2726,Thyroid
17,00110011011201121021111011,GTEX-11EI6,GTEX-11EI6-0726,Thyroid
18,22112112102122202101210001,GTEX-11EM3,GTEX-11EM3-0126,Thyroid
19,00120022100102210002220110,GTEX-11EMC,GTEX-11EMC-0226,Thyroid
20,01110102110022220110220111,GTEX-11EQ8,GTEX-11EQ8-0826,Thyroid
21,02110012111201211011220111,GTEX-11EQ9,GTEX-11EQ9-0626,Thyroid
22,10221122101112201112221100,GTEX-11GS4,GTEX-11GS4-0826,Thyroid
23,21212011200102110001121010,GTEX-11GSO,GTEX-11GSO-0626,Thyroid
24,11211002111102211100220011,GTEX-11GSP,GTEX-11GSP-0126,Thyroid
25,00200002000222220100221202,GTEX-11I78,GTEX-11I78-0526,Thyroid
26,00220122100212200012221002,GTEX-11LCK,GTEX-11LCK-0526,Thyroid
27,02010121001212111001110211,GTEX-11NSD,GTEX-11NSD-0126,Thyroid
28,10211112100111200001222111,GTEX-11NUK,GTEX-11NUK-1026,Thyroid
29,12201211011002111100122001,GTEX-11NV4,GTEX-11NV4-0626,Thyroid
30,22112212112021202111211100,GTEX-11O72,GTEX-11O72-2326,Thyroid
31,00210012001102201011221001,GTEX-11OF3,GTEX-11OF3-0626,Thyroid
32,21022120000001010012001001,GTEX-11P7K,GTEX-11P7K-0226,Thyroid
33,01020022110102210012200101,GTEX-11P81,GTEX-11P81-0126,Thyroid
34,11211022200202210011221000,GTEX-11P82,GTEX-11P82-0226,Thyroid
35,11111100010112010000012000,GTEX-11PRG,GTEX-11PRG-1426,Thyroid
36,12021111101112111201102101,GTEX-11TT1,GTEX-11TT1-1126,Thyroid
37,01120022001001201202211112,GTEX-11TTK,GTEX-11TTK-0826,Thyroid
38,00000002000102210020201000,GTEX-11TUW,GTEX-11TUW-0226,Thyroid
39,11201010222102022021021111,GTEX-11UD2,GTEX-11UD2-0626,Thyroid
40,12001212112122212000211001,GTEX-11VI4,GTEX-11VI4-0226,Thyroid
41,01010120000101020201010110,GTEX-11WQC,GTEX-11WQC-0126,Thyroid
42,01000111201012111110210110,GTEX-11WQK,GTEX-11WQK-1326,Thyroid
43,20222111111112111111121121,GTEX-11XUK,GTEX-11XUK-0226,Thyroid
44,00220122201212011002121210,GTEX-11ZTS,GTEX-11ZTS-1126,Thyroid
45,12011221012121122101210001,GTEX-11ZTT,GTEX-11ZTT-1026,Thyroid
46,21002012101102211120201210,GTEX-11ZU8,GTEX-11ZU8-0326,Thyroid
47,10101012010102200110211001,GTEX-11ZVC,GTEX-11ZVC-0126,Thyroid
48,00210012211112001201220001,GTEX-1211K,GTEX-1211K-0726,Thyroid
49,11211111101122101001120010,GTEX-1212Z,GTEX-1212Z-0426,Thyroid
50,00110222200221200011220011,GTEX-12584,GTEX-12584-0826,Thyroid
51,01200101101112111000122111,GTEX-12696,GTEX-12696-0326,Thyroid
52,02220022221202201112220112,GTEX-1269C,GTEX-1269C-0226,Thyroid
53,01110012111102201201210111,GTEX-12C56,GTEX-12C56-0326,Thyroid
54,11111222011222201101221210,GTEX-12KS4,GTEX-12KS4-0526,Thyroid
55,10011122121212221111212000,GTEX-12WSA,GTEX-12WSA-0826,Thyroid
56,01100210102011122110011200,GTEX-12WSD,GTEX-12WSD-0926,Thyroid
57,21212112100022010111220210,GTEX-12WSE,GTEX-12WSE-1226,Thyroid
58,01210101102112122100021202,GTEX-12WSF,GTEX-12WSF-0626,Thyroid
59,21202100000212020000021211,GTEX-12WSG,GTEX-12WSG-0226,Thyroid
60,00100102200112120110210001,GTEX-12WSH,GTEX-12WSH-0226,Thyroid
61,20102002011201001010211110,GTEX-12WSI,GTEX-12WSI-1026,Thyroid
62,01200102102011012010221021,GTEX-12WSJ,GTEX-12WSJ-0326,Thyroid
63,12211111002112112001120120,GTEX-12WSK,GTEX-12WSK-0926,Thyroid
64,00100002100102200200211110,GTEX-12WSL,GTEX-12WSL-0626,Thyroid
65,11201102202122202000222000,GTEX-12WSN,GTEX-12WSN-0726,Thyroid
66,21212021101112121001221122,GTEX-12ZZX,GTEX-12ZZX-1226,Thyroid
67,11011112001012221211210011,GTEX-12ZZY,GTEX-12ZZY-0826,Thyroid
68,11111112101011201201211200,GTEX-12ZZZ,GTEX-12ZZZ-1226,Thyroid
69,00000102001011211000201100,GTEX-13111,GTEX-13111-0226,Thyroid
70,02110112102111212111220100,GTEX-13112,GTEX-13112-0326,Thyroid
71,00220210200200020011021100,GTEX-13113,GTEX-13113-0126,Thyroid
72,11011010201100021101011212,GTEX-1313W,GTEX-1313W-0726,Thyroid
73,11201102111012211200221020,GTEX-1314G,GTEX-1314G-0226,Thyroid
74,12121220002010122102022200,GTEX-131XE,GTEX-131XE-0126,Thyroid
75,10201010010102110010022201,GTEX-131XF,GTEX-131XF-1826,Thyroid
76,00000010000200020200002111,GTEX-131XG,GTEX-131XG-0226,Thyroid
77,12011010010011120111012000,GTEX-131XH,GTEX-131XH-0526,Thyroid
78,21012012102202202011201110,GTEX-131XW,GTEX-131XW-0826,Thyroid
79,01100001001101121000120100,GTEX-131YS,GTEX-131YS-0726,Thyroid
80,11101002001101221000211110,GTEX-132AR,GTEX-132AR-1126,Thyroid
81,00000011100101120000111112,GTEX-132NY,GTEX-132NY-1026,Thyroid
82,20112011000101120001210220,GTEX-132Q8,GTEX-132Q8-0826,Thyroid
83,10011100102011022120121010,GTEX-132QS,GTEX-132QS-0326,Thyroid
84,10211001000021120000120111,GTEX-1339X,GTEX-1339X-0226,Thyroid
85,10111011000211120001110110,GTEX-133LE,GTEX-133LE-0326,Thyroid
86,01100012101001211010210111,GTEX-1399Q,GTEX-1399Q-0826,Thyroid
87,11101112002211212010211110,GTEX-1399R,GTEX-1399R-0126,Thyroid
88,01200012202010202110220011,GTEX-1399S,GTEX-1399S-0626,Thyroid
89,01110102210001200110120010,GTEX-1399T,GTEX-1399T-0126,Thyroid
90,11111000212102022000010101,GTEX-1399U,GTEX-1399U-0326,Thyroid
91,12001011002201112110101010,GTEX-139D8,GTEX-139D8-0526,Thyroid
92,21202001112102112010121100,GTEX-139T6,GTEX-139T6-0326,Thyroid
93,11101112201020201000210111,GTEX-139TS,GTEX-139TS-0126,Thyroid
94,11101000201011121010012010,GTEX-139TT,GTEX-139TT-1126,Thyroid
95,10221122100022210012120201,GTEX-139TU,GTEX-139TU-0926,Thyroid
96,01100101001111111010221111,GTEX-139UW,GTEX-139UW-0126,Thyroid
97,01100011111000111010111011,GTEX-139YR,GTEX-139YR-1226,Thyroid
98,01210011101022111001121111,GTEX-13CF2,GTEX-13CF2-0126,Thyroid
99,20102102100001210010211112,GTEX-13CF3,GTEX-13CF3-0926,Thyroid
100,01210021000201120101120121,GTEX-13CIG,GTEX-13CIG-1026,Thyroid
101,11201001201012101110220121,GTEX-13CZU,GTEX-13CZU-0226,Thyroid
102,10211112220112210011221101,GTEX-13CZV,GTEX-13CZV-0926,Thyroid
103,21202000001010111020120110,GTEX-13D11,GTEX-13D11-0226,Thyroid
104,00020121020212110102102021,GTEX-13FH7,GTEX-13FH7-0126,Thyroid
105,01110012201102211111210101,GTEX-13FHO,GTEX-13FHO-0926,Thyroid
106,10121021011112111022220001,GTEX-13FHP,GTEX-13FHP-0926,Thyroid
107,20212011100212020001120201,GTEX-13FLV,GTEX-13FLV-0226,Thyroid
108,02120120002011022022012101,GTEX-13FLW,GTEX-13FLW-0326,Thyroid
109,10101101101110211100110000,GTEX-13FTW,GTEX-13FTW-0626,Thyroid
110,00120112201222201111221021,GTEX-13FTY,GTEX-13FTY-0726,Thyroid
111,02210012012112202011221100,GTEX-13FTZ,GTEX-13FTZ-1726,Thyroid
112,11101120011011021101022000,GTEX-13FXS,GTEX-13FXS-0726,Thyroid
113,00210012210202210101220210,GTEX-13G51,GTEX-13G51-1226,Thyroid
114,01010012011012211101221112,GTEX-13IVO,GTEX-13IVO-0926,Thyroid
115,01110110001101011011012000,GTEX-13JUV,GTEX-13JUV-0426,Thyroid
116,11101100211011021110020101,GTEX-13JVG,GTEX-13JVG-0926,Thyroid
117,11121120002111122001011200,GTEX-13N11,GTEX-13N11-1026,Thyroid
118,00100002110001200000211202,GTEX-13N1W,GTEX-13N1W-0826,Thyroid
119,11211011120202110011120011,GTEX-13N2G,GTEX-13N2G-0726,Thyroid
120,11121020011102021002010100,GTEX-13NYB,GTEX-13NYB-0726,Thyroid
121,11021122201112211012200111,GTEX-13NYC,GTEX-13NYC-2426,Thyroid
122,02200001211012111210120021,GTEX-13NZ8,GTEX-13NZ8-0226,Thyroid
123,10021010012212022011202202,GTEX-13NZ9,GTEX-13NZ9-1126,Thyroid
124,12201100202012022000222101,GTEX-13NZA,GTEX-13NZA-1026,Thyroid
125,10021022210101210012200111,GTEX-13O21,GTEX-13O21-2226,Thyroid
126,10221011100201010111120100,GTEX-13O3O,GTEX-13O3O-0926,Thyroid
127,00010101100012120000100111,GTEX-13O3P,GTEX-13O3P-0726,Thyroid
128,12011111111211121111100012,GTEX-13O3Q,GTEX-13O3Q-0626,Thyroid
129,01020011212002112101100000,GTEX-13O61,GTEX-13O61-0226,Thyroid
130,10101212000122220100211120,GTEX-13OVG,GTEX-13OVG-0226,Thyroid
131,11201111111022121011220120,GTEX-13OVH,GTEX-13OVH-0826,Thyroid
132,22122020112111012202022100,GTEX-13OVI,GTEX-13OVI-0826,Thyroid
133,01110112021110211211221000,GTEX-13OVJ,GTEX-13OVJ-0626,Thyroid
134,11111221102222112021211201,GTEX-13OVK,GTEX-13OVK-0226,Thyroid
135,01220121211112121022120121,GTEX-13OVL,GTEX-13OVL-1626,Thyroid
136,02110012012102222101211010,GTEX-13OW5,GTEX-13OW5-0626,Thyroid
137,02200001111102111000120110,GTEX-13OW6,GTEX-13OW6-0726,Thyroid
138,20222021101202101012121111,GTEX-13OW7,GTEX-13OW7-0826,Thyroid
139,01100002102102212000220120,GTEX-13OW8,GTEX-13OW8-0126,Thyroid
140,00110012201112211011211000,GTEX-13PDP,GTEX-13PDP-1026,Thyroid
141,10111110100011120001110111,GTEX-13PL6,GTEX-13PL6-1026,Thyroid
142,00100110210112020210011200,GTEX-13PL7,GTEX-13PL7-1426,Thyroid
143,21222022101102211112221001,GTEX-13PLJ,GTEX-13PLJ-0826,Thyroid
144,00220022210101210212222112,GTEX-13PVQ,GTEX-13PVQ-0726,Thyroid
145,11201002011001201000221001,GTEX-13PVR,GTEX-13PVR-0626,Thyroid
146,21222021101202121212120012,GTEX-13QBU,GTEX-13QBU-0626,Thyroid
147,11221122211212211012221210,GTEX-13QIC,GTEX-13QIC-0726,Thyroid
148,22212021002101102112220212,GTEX-13QJ3,GTEX-13QJ3-0926,Thyroid
149,21112112101112211101221111,GTEX-13QJC,GTEX-13QJC-0826,Thyroid
150,00220022101212211002120111,GTEX-13RTJ,GTEX-13RTJ-0326,Thyroid
151,11221021001202011112121011,GTEX-13RTK,GTEX-13RTK-0326,Thyroid
152,12201011102102122011222221,GTEX-13S7M,GTEX-13S7M-2926,Thyroid
153,10121121211112001202111101,GTEX-13S86,GTEX-13S86-1126,Thyroid
154,00210102100012210110120101,GTEX-13SLW,GTEX-13SLW-0726,Thyroid
155,22212200011211021100021101,GTEX-13SLX,GTEX-13SLX-0726,Thyroid
156,12221020202102022012020011,GTEX-13U4I,GTEX-13U4I-0526,Thyroid
157,10011120002021122011011110,GTEX-13VXT,GTEX-13VXT-0626,Thyroid
158,00210111020112110110220020,GTEX-13VXU,GTEX-13VXU-0826,Thyroid
159,11201202101122201200221020,GTEX-13W3W,GTEX-13W3W-0826,Thyroid
160,01120022021212211112210201,GTEX-13W46,GTEX-13W46-0926,Thyroid
161,02010112211202201101110110,GTEX-13X6H,GTEX-13X6H-0526,Thyroid
162,22222011002102122201120110,GTEX-13X6I,GTEX-13X6I-0326,Thyroid
163,10111011200102110011222211,GTEX-13X6J,GTEX-13X6J-0826,Thyroid
164,11211021200001120001121011,GTEX-13X6K,GTEX-13X6K-1426,Thyroid
165,22122020021200021102010101,GTEX-13YAN,GTEX-13YAN-0926,Thyroid
166,12111022102101202111210100,GTEX-1445S,GTEX-1445S-0726,Thyroid
167,12101202101022221000220211,GTEX-144FL,GTEX-144FL-2326,Thyroid
168,20202112110211210000221122,GTEX-144GL,GTEX-144GL-1226,Thyroid
169,01210021001111111011121000,GTEX-144GM,GTEX-144GM-0226,Thyroid
170,10001011200102110010100121,GTEX-145LU,GTEX-145LU-0426,Thyroid
171,00110020101111111112020100,GTEX-145MF,GTEX-145MF-0126,Thyroid
172,10011020120010020001001100,GTEX-145MG,GTEX-145MG-0826,Thyroid
173,02110012001112221001220220,GTEX-145MH,GTEX-145MH-0426,Thyroid
174,01100101100012120120121100,GTEX-145MI,GTEX-145MI-1126,Thyroid
175,21112101002110122000111200,GTEX-145MN,GTEX-145MN-0426,Thyroid
176,22222022111201211212220120,GTEX-145MO,GTEX-145MO-0226,Thyroid
177,10121011101211121101111110,GTEX-146FH,GTEX-146FH-0726,Thyroid
178,00210111000112110101221102,GTEX-146FQ,GTEX-146FQ-0726,Thyroid
179,02010122202112022011200110,GTEX-146FR,GTEX-146FR-0326,Thyroid
180,00210021110211010021122001,GTEX-14753,GTEX-14753-0926,Thyroid
181,01120021111101111012111101,GTEX-1477Z,GTEX-1477Z-0226,Thyroid
182,11101101212021112010111102,GTEX-147F3,GTEX-147F3-2126,Thyroid
183,10111212000122200001210111,GTEX-147F4,GTEX-147F4-0826,Thyroid
184,01220022212212202012221100,GTEX-147GR,GTEX-147GR-0726,Thyroid
185,00210021100001120002220110,GTEX-147JS,GTEX-147JS-0826,Thyroid
186,01220021112212112202021000,GTEX-148VI,GTEX-148VI-0526,Thyroid
187,01000002011102211010210020,GTEX-148VJ,GTEX-148VJ-0726,Thyroid
188,12121220012120022001012200,GTEX-1497J,GTEX-1497J-0126,Thyroid
189,00110012210112010101210220,GTEX-14A5H,GTEX-14A5H-0726,Thyroid
190,10201102111122211110221121,GTEX-14A6H,GTEX-14A6H-2426,Thyroid
191,00100011011100111120110111,GTEX-14ABY,GTEX-14ABY-0926,Thyroid
192,00110110112120122001212001,GTEX-14AS3,GTEX-14AS3-0226,Thyroid
193,11101010102001112101111000,GTEX-14ASI,GTEX-14ASI-0726,Thyroid
194,11101012002111202010220100,GTEX-14B4R,GTEX-14B4R-0126,Thyroid
195,11211011101121121101120010,GTEX-14BIL,GTEX-14BIL-0726,Thyroid
196,11221021112201122012121201,GTEX-14BIM,GTEX-14BIM-0826,Thyroid
197,11111110201222011001020121,GTEX-14BIN,GTEX-14BIN-0126,Thyroid
198,10221010211102011011120021,GTEX-14BMU,GTEX-14BMU-0226,Thyroid
199,21222122211210221102220111,GTEX-14BMV,GTEX-14BMV-0726,Thyroid
200,11011111111212121111000111,GTEX-14C38,GTEX-14C38-0826,Thyroid
201,00120022111212221102221001,GTEX-14C39,GTEX-14C39-0226,Thyroid
202,21202011101212111000120201,GTEX-14C5O,GTEX-14C5O-0826,Thyroid
203,00220022221101211112221010,GTEX-14DAQ,GTEX-14DAQ-0826,Thyroid
204,02110122102212002111220100,GTEX-14DAR,GTEX-14DAR-0126,Thyroid
205,11111022201202201101120111,GTEX-14E6C,GTEX-14E6C-2626,Thyroid
206,11111012101202001021210011,GTEX-14E6D,GTEX-14E6D-0626,Thyroid
207,22112121102211112011111202,GTEX-14E6E,GTEX-14E6E-0326,Thyroid
208,00110022100201000001121102,GTEX-14E7W,GTEX-14E7W-0926,Thyroid
209,01110212201022211111220102,GTEX-14H4A,GTEX-14H4A-1226,Thyroid
210,21012211011122021001110100,GTEX-14ICK,GTEX-14ICK-1626,Thyroid
211,11011211221122111201110011,GTEX-14JFF,GTEX-14JFF-0926,Thyroid
212,22102002102201212100212211,GTEX-14JG1,GTEX-14JG1-0726,Thyroid
213,00200111100112120010121111,GTEX-14JG6,GTEX-14JG6-1326,Thyroid
214,21202111110112110110220020,GTEX-14JIY,GTEX-14JIY-1226,Thyroid
215,00100112001211221100210221,GTEX-14LLW,GTEX-14LLW-0926,Thyroid
216,12001011111101111110101011,GTEX-14PHX,GTEX-14PHX-0326,Thyroid
217,01210012102112202021220111,GTEX-14PII,GTEX-14PII-0826,Thyroid
218,10101112000021210001212101,GTEX-14PJ2,GTEX-14PJ2-0726,Thyroid
219,11101100100012020110121112,GTEX-14PJ3,GTEX-14PJ3-0126,Thyroid
220,01110121111221111001121000,GTEX-14PJ4,GTEX-14PJ4-0326,Thyroid
221,11211012110112210001120201,GTEX-14PJ5,GTEX-14PJ5-0126,Thyroid
222,01200010101201021010021110,GTEX-14PJ6,GTEX-14PJ6-0326,Thyroid
223,20102011010110110120211100,GTEX-14PJM,GTEX-14PJM-1326,Thyroid
224,02210012012111212101221110,GTEX-14PJN,GTEX-14PJN-0126,Thyroid
225,01100011001001121010120001,GTEX-14PJO,GTEX-14PJO-0626,Thyroid
226,01210021211201111101120101,GTEX-14PK6,GTEX-14PK6-0426,Thyroid
227,20112111100112120111110120,GTEX-14PKU,GTEX-14PKU-0326,Thyroid
228,11111012101102211001210011,GTEX-14PKV,GTEX-14PKV-0626,Thyroid
229,12221121212211122012120211,GTEX-14PN3,GTEX-14PN3-0826,Thyroid
230,00210111211112111111221101,GTEX-14PN4,GTEX-14PN4-1526,Thyroid
231,00200011000101110010121010,GTEX-14PQA,GTEX-14PQA-1226,Thyroid
232,21112111101011121101111011,GTEX-14XAO,GTEX-14XAO-0426,Thyroid
233,00210011200202110201122110,GTEX-15CHC,GTEX-15CHC-0126,Thyroid
234,12101102102112212010210100,GTEX-15CHQ,GTEX-15CHQ-0826,Thyroid
235,11221022211211201112221001,GTEX-15CHR,GTEX-15CHR-1726,Thyroid
236,00100001101002121110111210,GTEX-15D1Q,GTEX-15D1Q-0626,Thyroid
237,11211110001211021111021110,GTEX-15D79,GTEX-15D79-0626,Thyroid
238,01000102212100202000211100,GTEX-15DCD,GTEX-15DCD-1126,Thyroid
239,11221101101012111020120101,GTEX-15DCE,GTEX-15DCE-1026,Thyroid
240,20122120001020021122012010,GTEX-15DDE,GTEX-15DDE-0626,Thyroid
241,00010112110112220101210011,GTEX-15DYW,GTEX-15DYW-0726,Thyroid
242,02000101121011101000210000,GTEX-15DZA,GTEX-15DZA-0226,Thyroid
243,02210011101002111111120012,GTEX-15EO6,GTEX-15EO6-0126,Thyroid
244,00110012211002001101221011,GTEX-15EOM,GTEX-15EOM-1026,Thyroid
245,02200210011122111000022102,GTEX-15ER7,GTEX-15ER7-0726,Thyroid
246,11111011121202111011112100,GTEX-15ETS,GTEX-15ETS-0526,Thyroid
247,00120122200222200112221112,GTEX-15EU6,GTEX-15EU6-1426,Thyroid
248,11001102102112222200201110,GTEX-15FZZ,GTEX-15FZZ-0226,Thyroid
249,21112001100112120110111001,GTEX-15G19,GTEX-15G19-0626,Thyroid
250,01110111011211111001111210,GTEX-15G1A,GTEX-15G1A-0326,Thyroid
251,12121221022221122012121010,GTEX-15RIE,GTEX-15RIE-0426,Thyroid
252,21102111112112112010211111,GTEX-15RIF,GTEX-15RIF-0326,Thyroid
253,11211210010110020211022010,GTEX-15RJ7,GTEX-15RJ7-0326,Thyroid
254,12111112202212202021211010,GTEX-15RJE,GTEX-15RJE-1326,Thyroid
255,22212011012212112011121010,GTEX-15SB6,GTEX-15SB6-1526,Thyroid
256,21222021001102111222122102,GTEX-15SDE,GTEX-15SDE-1326,Thyroid
257,01000001101012111210201011,GTEX-15SHU,GTEX-15SHU-0726,Thyroid
258,12201011210001110020021220,GTEX-15SHV,GTEX-15SHV-0426,Thyroid
259,01200012111002211001220011,GTEX-15SKB,GTEX-15SKB-0626,Thyroid
260,10111000112111022010010000,GTEX-15SZO,GTEX-15SZO-0826,Thyroid
261,20102101110112110100120100,GTEX-15UF6,GTEX-15UF6-1126,Thyroid
262,12101101102111122000110110,GTEX-15UF7,GTEX-15UF7-0226,Thyroid
263,00000011100101110110100000,GTEX-15UKP,GTEX-15UKP-1226,Thyroid
264,00010112100111200001211111,GTEX-169BO,GTEX-169BO-0326,Thyroid
265,11201002021102201100120010,GTEX-16A39,GTEX-16A39-0426,Thyroid
266,11111220101222021101022121,GTEX-16AAH,GTEX-16AAH-0326,Thyroid
267,02010012211102211001211101,GTEX-16BQI,GTEX-16BQI-0726,Thyroid
268,01100112211112211100220002,GTEX-16GPK,GTEX-16GPK-0926,Thyroid
269,02100012102111212020210010,GTEX-16MT8,GTEX-16MT8-0626,Thyroid
270,10111022120111200101210200,GTEX-16MT9,GTEX-16MT9-1126,Thyroid
271,10201012101101211000221010,GTEX-16MTA,GTEX-16MTA-0726,Thyroid
272,21012010001002011121011101,GTEX-16NGA,GTEX-16NGA-0326,Thyroid
273,10121121210121110012020121,GTEX-16NPV,GTEX-16NPV-0826,Thyroid
274,00200101201012101000120002,GTEX-16NPX,GTEX-16NPX-1426,Thyroid
275,00210011110101110001120010,GTEX-16XZY,GTEX-16XZY-0726,Thyroid
276,01100210112022122101220120,GTEX-16XZZ,GTEX-16XZZ-0826,Thyroid
277,01000102011022201200211111,GTEX-16YQH,GTEX-16YQH-0326,Thyroid
278,11211111112121102001121001,GTEX-178AV,GTEX-178AV-0726,Thyroid
279,01010010200112110201000100,GTEX-17EUY,GTEX-17EUY-0726,Thyroid
280,01200011111102111000120000,GTEX-17EVP,GTEX-17EVP-0126,Thyroid
281,11111222002022202111110011,GTEX-17EVQ,GTEX-17EVQ-0526,Thyroid
282,11001011200100110100110012,GTEX-17F96,GTEX-17F96-0526,Thyroid
283,01000001010102120000111110,GTEX-17F97,GTEX-17F97-0626,Thyroid
284,00100110212122122020110012,GTEX-17F9E,GTEX-17F9E-0626,Thyroid
285,10011012200102210111211001,GTEX-17F9Y,GTEX-17F9Y-0526,Thyroid
286,21222022011202201002221011,GTEX-17GQL,GTEX-17GQL-0226,Thyroid
287,11211111012012112001121010,GTEX-17HGU,GTEX-17HGU-0826,Thyroid
288,10111121110211110111110110,GTEX-17HHE,GTEX-17HHE-0426,Thyroid
289,11201112111211201100220011,GTEX-17HHY,GTEX-17HHY-0826,Thyroid
290,20122022111102201112212000,GTEX-17HII,GTEX-17HII-1926,Thyroid
291,11121022121102211002221102,GTEX-17JCI,GTEX-17JCI-0626,Thyroid
292,12221020112112122001121101,GTEX-17KNJ,GTEX-17KNJ-1026,Thyroid
293,11111012001101211011110112,GTEX-17MF6,GTEX-17MF6-0626,Thyroid
294,02120022002202212002211111,GTEX-17MFQ,GTEX-17MFQ-0326,Thyroid
295,21212012202112012011220102,GTEX-183FY,GTEX-183FY-0626,Thyroid
296,11011112101022201001221221,GTEX-183WM,GTEX-183WM-2626,Thyroid
297,21212012001102201101222212,GTEX-18464,GTEX-18464-1126,Thyroid
298,10201002122011222010221011,GTEX-18465,GTEX-18465-1426,Thyroid
299,02010022102201202111210210,GTEX-18A66,GTEX-18A66-0826,Thyroid
300,01110112111112221211222111,GTEX-18A67,GTEX-18A67-0826,Thyroid
301,01120022101202201112222000,GTEX-18A6Q,GTEX-18A6Q-0726,Thyroid
302,11001100002010022010010220,GTEX-18A7A,GTEX-18A7A-0826,Thyroid
303,12101111102112122110111121,GTEX-18D9A,GTEX-18D9A-0126,Thyroid
304,11211110201012021021021211,GTEX-18D9U,GTEX-18D9U-1026,Thyroid
305,11021210011101011112011201,GTEX-18QFQ,GTEX-18QFQ-0726,Thyroid
306,12211111002112112121120220,GTEX-1A32A,GTEX-1A32A-1526,Thyroid
307,21212212201021201001220101,GTEX-1A3MV,GTEX-1A3MV-0326,Thyroid
308,21102001100011110010211101,GTEX-1A3MW,GTEX-1A3MW-0926,Thyroid
309,10101012100001220110220121,GTEX-1A3MX,GTEX-1A3MX-0626,Thyroid
310,21102102211112201110211010,GTEX-1A8FM,GTEX-1A8FM-0726,Thyroid
311,10101002111002201010210010,GTEX-1A8G6,GTEX-1A8G6-0626,Thyroid
312,20102010101200021100021120,GTEX-1A8G7,GTEX-1A8G7-1026,Thyroid
313,01110022210101200011210101,GTEX-1AMEY,GTEX-1AMEY-0126,Thyroid
314,21002002101102201120210110,GTEX-1AMFI,GTEX-1AMFI-0526,Thyroid
315,01220110101122101111221220,GTEX-1AX8Z,GTEX-1AX8Z-0826,Thyroid
316,10221022101212211112221110,GTEX-1AX9I,GTEX-1AX9I-0626,Thyroid
317,11001002021111211100210101,GTEX-1AX9J,GTEX-1AX9J-2126,Thyroid
318,11011022101102001102210212,GTEX-1AX9K,GTEX-1AX9K-0626,Thyroid
319,11201101112022122000220120,GTEX-1AYCT,GTEX-1AYCT-0226,Thyroid
320,10111111110212100001120211,GTEX-1B8KE,GTEX-1B8KE-0626,Thyroid
321,11211012011011201121220221,GTEX-1B8KZ,GTEX-1B8KZ-0426,Thyroid
322,20212012100112200001221121,GTEX-1B8L1,GTEX-1B8L1-1626,Thyroid
323,20202101000012110010120021,GTEX-1B8SF,GTEX-1B8SF-0626,Thyroid
324,10121022200112200102221210,GTEX-1B8SG,GTEX-1B8SG-1126,Thyroid
325,01200011221012111101122010,GTEX-1B932,GTEX-1B932-0926,Thyroid
326,01110122201111201001211200,GTEX-1B933,GTEX-1B933-1026,Thyroid
327,21002012211001201000201111,GTEX-1B97I,GTEX-1B97I-0326,Thyroid
328,01110012001101211021211202,GTEX-1B97J,GTEX-1B97J-0626,Thyroid
329,20112111101121111011111020,GTEX-1B996,GTEX-1B996-0926,Thyroid
330,11111011011202011001111010,GTEX-1BAJH,GTEX-1BAJH-0926,Thyroid
331,01010212212022202111210011,GTEX-1C2JI,GTEX-1C2JI-0326,Thyroid
332,11221121012111112202020221,GTEX-1C475,GTEX-1C475-0226,Thyroid
333,00120020112221022002212102,GTEX-1C4CL,GTEX-1C4CL-0726,Thyroid
334,00220022100102210012220012,GTEX-1C64N,GTEX-1C64N-1026,Thyroid
335,00210112100112200001120001,GTEX-1C6VQ,GTEX-1C6VQ-0526,Thyroid
336,01100111202122102100110102,GTEX-1C6VR,GTEX-1C6VR-0426,Thyroid
337,01210121101212111011122100,GTEX-1C6WA,GTEX-1C6WA-0626,Thyroid
338,10101001210112110000120111,GTEX-1CAMQ,GTEX-1CAMQ-1126,Thyroid
339,00110112000012200011211010,GTEX-1CAMR,GTEX-1CAMR-0226,Thyroid
340,00010210022022122101001111,GTEX-1CAMS,GTEX-1CAMS-0826,Thyroid
341,11101001112110122000112000,GTEX-1CB4E,GTEX-1CB4E-0326,Thyroid
342,02210112112111212011220001,GTEX-1CB4F,GTEX-1CB4F-0826,Thyroid
343,11021022000102210102210110,GTEX-1CB4G,GTEX-1CB4G-1526,Thyroid
344,01010022211201211011201220,GTEX-1CB4H,GTEX-1CB4H-0126,Thyroid
345,11111012111101211011222200,GTEX-1CB4I,GTEX-1CB4I-0726,Thyroid
346,00010012201102201101201000,GTEX-1CB4J,GTEX-1CB4J-1426,Thyroid
347,21222022001202011102220101,GTEX-1E1VI,GTEX-1E1VI-0726,Thyroid
348,01110022211110211001210220,GTEX-1E2YA,GTEX-1E2YA-1026,Thyroid
349,01220011102122112101120110,GTEX-1EH9U,GTEX-1EH9U-0926,Thyroid
350,00110012201102211201212211,GTEX-1EKGG,GTEX-1EKGG-0726,Thyroid
351,00000200101001011000001100,GTEX-1EMGI,GTEX-1EMGI-0826,Thyroid
352,21102200222122022020121112,GTEX-1EU9M,GTEX-1EU9M-0626,Thyroid
353,01110012102112202011211022,GTEX-1EWIQ,GTEX-1EWIQ-0826,Thyroid
354,00210111210112120010120112,GTEX-1EX96,GTEX-1EX96-0126,Thyroid
355,00120022100202210112221211,GTEX-1F48J,GTEX-1F48J-0926,Thyroid
356,00210012110102210201221022,GTEX-1F52S,GTEX-1F52S-0526,Thyroid
357,12211022102222212101220110,GTEX-1F5PK,GTEX-1F5PK-0126,Thyroid
358,22222022102102212122220220,GTEX-1F5PL,GTEX-1F5PL-0826,Thyroid
359,21112220011110021201022100,GTEX-1F6I4,GTEX-1F6I4-0926,Thyroid
360,01110121111011121012220200,GTEX-1F6IF,GTEX-1F6IF-1126,Thyroid
361,11211111101111121101120111,GTEX-1F6RS,GTEX-1F6RS-0726,Thyroid
362,00110021000111110101111101,GTEX-1F75A,GTEX-1F75A-0326,Thyroid
363,02110012202102202001210210,GTEX-1F75B,GTEX-1F75B-0826,Thyroid
364,21112110002110022111012001,GTEX-1F75I,GTEX-1F75I-0926,Thyroid
365,10111012100102200011211101,GTEX-1F75W,GTEX-1F75W-1126,Thyroid
366,01200112201221211010221011,GTEX-1F7RK,GTEX-1F7RK-0626,Thyroid
367,20012120000011020211010110,GTEX-1F88E,GTEX-1F88E-1926,Thyroid
368,00110012212112212201110012,GTEX-1F88F,GTEX-1F88F-0726,Thyroid
369,10101001110101110010110110,GTEX-1FIGZ,GTEX-1FIGZ-0226,Thyroid
370,10211110000222020111020111,GTEX-1GF9U,GTEX-1GF9U-0226,Thyroid
371,10101211001022121101121120,GTEX-1GF9V,GTEX-1GF9V-0926,Thyroid
372,10221122100211210002221022,GTEX-1GF9W,GTEX-1GF9W-0626,Thyroid
373,20112022210202220111211112,GTEX-1GF9X,GTEX-1GF9X-0126,Thyroid
374,02100002112011202100210211,GTEX-1GL5R,GTEX-1GL5R-0626,Thyroid
375,22102101002211112110110210,GTEX-1GMR2,GTEX-1GMR2-0626,Thyroid
376,10111110110211020021021010,GTEX-1GMR3,GTEX-1GMR3-0726,Thyroid
377,12221121102212112102120110,GTEX-1GMR8,GTEX-1GMR8-0826,Thyroid
378,01210120221112011001020011,GTEX-1GMRU,GTEX-1GMRU-1126,Thyroid
379,12001022002101202010201111,GTEX-1GN1U,GTEX-1GN1U-0826,Thyroid
380,00120022100212200112210000,GTEX-1GN1V,GTEX-1GN1V-0626,Thyroid
381,10201010110001120000022112,GTEX-1GN1W,GTEX-1GN1W-0126,Thyroid
382,01010011011122111101220000,GTEX-1GN2E,GTEX-1GN2E-0826,Thyroid
383,22102011202101112010210100,GTEX-1GN73,GTEX-1GN73-0826,Thyroid
384,20102101020122110000020111,GTEX-1GPI7,GTEX-1GPI7-0726,Thyroid
385,01120021002001112002111001,GTEX-1GTWX,GTEX-1GTWX-0726,Thyroid
386,01210011201112111011220001,GTEX-1GZ2Q,GTEX-1GZ2Q-0826,Thyroid
387,10111111000120120101121100,GTEX-1GZ4H,GTEX-1GZ4H-0226,Thyroid
388,01000012101002201000220220,GTEX-1GZ4I,GTEX-1GZ4I-0626,Thyroid
389,12211020012201022001021200,GTEX-1GZHY,GTEX-1GZHY-1426,Thyroid
390,10211022110112200111220000,GTEX-1I6K7,GTEX-1I6K7-1126,Thyroid
391,12101120111111021110021001,GTEX-1ICG6,GTEX-1ICG6-0426,Thyroid
392,01110101211022121010120012,GTEX-1ICLY,GTEX-1ICLY-0726,Thyroid
393,01120021210202110001221111,GTEX-1ICLZ,GTEX-1ICLZ-0526,Thyroid
394,10011211101222111011120111,GTEX-1IDFM,GTEX-1IDFM-0726,Thyroid
395,01010120202112022111020001,GTEX-1IDJC,GTEX-1IDJC-1026,Thyroid
396,00100101000002110000111111,GTEX-1IDJD,GTEX-1IDJD-0626,Thyroid
397,10221022210212010002220100,GTEX-1IDJE,GTEX-1IDJE-0926,Thyroid
398,11101012101200211010221200,GTEX-1JJ6O,GTEX-1JJ6O-0626,Thyroid
399,10221022101202201102221111,GTEX-1JKYN,GTEX-1JKYN-1126,Thyroid
400,11211110012212022121021021,GTEX-1JKYR,GTEX-1JKYR-0826,Thyroid
401,21102110001110021200012000,GTEX-1JMLX,GTEX-1JMLX-0826,Thyroid
402,20102101110012110110111120,GTEX-1JMOU,GTEX-1JMOU-0426,Thyroid
403,11221110111011021102022110,GTEX-1JMPY,GTEX-1JMPY-0126,Thyroid
404,20122110110010020002021201,GTEX-1JMPZ,GTEX-1JMPZ-0626,Thyroid
405,10211111110112110101121112,GTEX-1JMQI,GTEX-1JMQI-0626,Thyroid
406,00120021110211120122210200,GTEX-1JMQJ,GTEX-1JMQJ-2026,Thyroid
407,20102102100212210020221201,GTEX-1JMQK,GTEX-1JMQK-2126,Thyroid
408,02020210212001022102021001,GTEX-1JMQL,GTEX-1JMQL-0926,Thyroid
409,01110000101101021000121101,GTEX-1JN1M,GTEX-1JN1M-0726,Thyroid
410,00110001111201101010111011,GTEX-1JN6P,GTEX-1JN6P-0626,Thyroid
411,00110212120112220000211102,GTEX-1K2DA,GTEX-1K2DA-1526,Thyroid
412,11111011210212120001112111,GTEX-1K2DU,GTEX-1K2DU-0126,Thyroid
413,10211012101102201001222111,GTEX-1K9T9,GTEX-1K9T9-0826,Thyroid
414,11121100111211021000111100,GTEX-1KAFJ,GTEX-1KAFJ-0426,Thyroid
415,10121022200102210012110100,GTEX-1KANA,GTEX-1KANA-0126,Thyroid
416,20222121110212100212121200,GTEX-1KANB,GTEX-1KANB-0626,Thyroid
417,21202110110020020210021100,GTEX-1KANC,GTEX-1KANC-0826,Thyroid
418,10111011221002111101120211,GTEX-1KD4Q,GTEX-1KD4Q-1026,Thyroid
419,11111011211201111001110100,GTEX-1KD5A,GTEX-1KD5A-0426,Thyroid
420,11101011210100110010111200,GTEX-1KWVE,GTEX-1KWVE-0126,Thyroid
421,01100201002020112000121101,GTEX-1KXAM,GTEX-1KXAM-1726,Thyroid
422,10111121202210102111010010,GTEX-1L5NE,GTEX-1L5NE-0226,Thyroid
423,11121122011112221102221112,GTEX-1LB8K,GTEX-1LB8K-0626,Thyroid
424,11011211021011111211122200,GTEX-1LBAC,GTEX-1LBAC-0726,Thyroid
425,01220221101222111002221000,GTEX-1LC47,GTEX-1LC47-0726,Thyroid
426,21222112210122210121221011,GTEX-1LG7Y,GTEX-1LG7Y-0626,Thyroid
427,01000012111101201100101210,GTEX-1LG7Z,GTEX-1LG7Z-0526,Thyroid
428,11111122211212201001211022,GTEX-1LGOU,GTEX-1LGOU-0126,Thyroid
429,12101001202102122000122111,GTEX-1LGRB,GTEX-1LGRB-1226,Thyroid
430,11111011020101120011111111,GTEX-1LH75,GTEX-1LH75-0626,Thyroid
431,00100111000111120001121211,GTEX-1LKK1,GTEX-1LKK1-0826,Thyroid
432,11211001212001112100120022,GTEX-1LNCM,GTEX-1LNCM-0126,Thyroid
433,00200101210022110210121020,GTEX-1LSNL,GTEX-1LSNL-1026,Thyroid
434,10211111111012121011220221,GTEX-1LSNM,GTEX-1LSNM-0226,Thyroid
435,00220121200211110012021210,GTEX-1LSVX,GTEX-1LSVX-0726,Thyroid
436,01110121111212121001120110,GTEX-1LVA9,GTEX-1LVA9-0626,Thyroid
437,11111011202212122100121111,GTEX-1LVAM,GTEX-1LVAM-0826,Thyroid
438,10121100121211121000120102,GTEX-1LVAN,GTEX-1LVAN-0726,Thyroid
439,21112022101202211001210011,GTEX-1LVAO,GTEX-1LVAO-1026,Thyroid
440,11111012101101201201210121,GTEX-1M4P7,GTEX-1M4P7-0626,Thyroid
441,10111112200021210011222111,GTEX-1M5QR,GTEX-1M5QR-0326,Thyroid
442,11101102001011211100220102,GTEX-1MA7W,GTEX-1MA7W-0126,Thyroid
443,12111021002201112001110111,GTEX-1MA7X,GTEX-1MA7X-0926,Thyroid
444,11221022112202202012122111,GTEX-1MCC2,GTEX-1MCC2-0526,Thyroid
445,01000102100111210110200101,GTEX-1MCYP,GTEX-1MCYP-0626,Thyroid
446,12101100102121022010010110,GTEX-1MGNQ,GTEX-1MGNQ-0726,Thyroid
447,10201012101102211001220111,GTEX-1MJK2,GTEX-1MJK2-0826,Thyroid
448,01100011111102111000110111,GTEX-1MJK3,GTEX-1MJK3-0326,Thyroid
449,10001001010002120220201110,GTEX-1MUQO,GTEX-1MUQO-0726,Thyroid
450,12011100012101022100001101,GTEX-1N2DV,GTEX-1N2DV-0826,Thyroid
451,00120122000212200022212100,GTEX-1N2DW,GTEX-1N2DW-1226,Thyroid
452,00200112010021220010120121,GTEX-1N2EE,GTEX-1N2EE-1326,Thyroid
453,11201212102122202010221000,GTEX-1N2EF,GTEX-1N2EF-0826,Thyroid
454,02100112102112212010212000,GTEX-1N5O9,GTEX-1N5O9-1026,Thyroid
455,10111110112020112110011200,GTEX-1NHNU,GTEX-1NHNU-0526,Thyroid
456,11021120011111011012000100,GTEX-1NSGN,GTEX-1NSGN-0826,Thyroid
457,00100102100112200000211102,GTEX-1NUQO,GTEX-1NUQO-0926,Thyroid
458,00010111200112120121211111,GTEX-1NV5F,GTEX-1NV5F-0726,Thyroid
459,02210012111202201001220100,GTEX-1NV8Z,GTEX-1NV8Z-0926,Thyroid
460,11001112011222211110201111,GTEX-1O97I,GTEX-1O97I-1026,Thyroid
461,02100022012202212110221001,GTEX-1O9I2,GTEX-1O9I2-1226,Thyroid
462,20222022110222200002221112,GTEX-1OFPY,GTEX-1OFPY-1526,Thyroid
463,11021020211011011102001200,GTEX-1OJC3,GTEX-1OJC3-0626,Thyroid
464,11211011101112111001120000,GTEX-1OJC4,GTEX-1OJC4-0526,Thyroid
465,00120022021111201002211102,GTEX-1OKEX,GTEX-1OKEX-0226,Thyroid
466,00200001101001111110220010,GTEX-1P4AB,GTEX-1P4AB-1126,Thyroid
467,01100112111111201000120002,GTEX-1PBJI,GTEX-1PBJI-0726,Thyroid
468,11101102001022201100211011,GTEX-1PBJJ,GTEX-1PBJJ-1926,Thyroid
469,21202011211111111010221101,GTEX-1PDJ9,GTEX-1PDJ9-0826,Thyroid
470,00210012200222200011220011,GTEX-1PFEY,GTEX-1PFEY-0226,Thyroid
471,02210012112211202101220100,GTEX-1PIEJ,GTEX-1PIEJ-0726,Thyroid
472,02110112202222202201220000,GTEX-1PIGE,GTEX-1PIGE-0726,Thyroid
473,21212022001211211001221120,GTEX-1PIIG,GTEX-1PIIG-2026,Thyroid
474,01220020201202121022021110,GTEX-1PPGY,GTEX-1PPGY-1426,Thyroid
475,01100001101101111000112011,GTEX-1PPH6,GTEX-1PPH6-0826,Thyroid
476,11121112010112220101212010,GTEX-1PPH8,GTEX-1PPH8-0926,Thyroid
477,00210022101112221002221012,GTEX-1PWST,GTEX-1PWST-0726,Thyroid
478,11101111112012112111222010,GTEX-1QAET,GTEX-1QAET-0226,Thyroid
479,20022110001210111001011201,GTEX-1QCLY,GTEX-1QCLY-0826,Thyroid
480,11011212001222211121221000,GTEX-1QCLZ,GTEX-1QCLZ-0626,Thyroid
481,01010112211202211001211021,GTEX-1QEPI,GTEX-1QEPI-0726,Thyroid
482,10021022210202200112201020,GTEX-1QMI2,GTEX-1QMI2-0826,Thyroid
483,02010021001201111211111011,GTEX-1QP28,GTEX-1QP28-0626,Thyroid
484,01120121001111111112010110,GTEX-1QP29,GTEX-1QP29-1126,Thyroid
485,21002102101112211000200121,GTEX-1QP2A,GTEX-1QP2A-0626,Thyroid
486,21002102011111201000200112,GTEX-1QP66,GTEX-1QP66-0326,Thyroid
487,01010022201202221111200102,GTEX-1QP67,GTEX-1QP67-0326,Thyroid
488,00100002111101201010220112,GTEX-1QP6S,GTEX-1QP6S-2526,Thyroid
489,12121122102112212012211011,GTEX-1QP9N,GTEX-1QP9N-0126,Thyroid
490,11211012011112201001221011,GTEX-1QPFJ,GTEX-1QPFJ-0626,Thyroid
491,01110011110111100101112121,GTEX-1R46S,GTEX-1R46S-0426,Thyroid
492,10101000010002020200020012,GTEX-1R7EU,GTEX-1R7EU-1526,Thyroid
493,12001101112111122000111020,GTEX-1R7EV,GTEX-1R7EV-1826,Thyroid
494,12211112012212202101221011,GTEX-1R9JW,GTEX-1R9JW-0226,Thyroid
495,22202111211122121010120011,GTEX-1R9K4,GTEX-1R9K4-0726,Thyroid
496,00000101200012120000211100,GTEX-1R9K5,GTEX-1R9K5-0726,Thyroid
497,10121221100222110102112200,GTEX-1R9PM,GTEX-1R9PM-0226,Thyroid
498,10021122100212200012221012,GTEX-1R9PO,GTEX-1R9PO-0626,Thyroid
499,22112011201102111111111200,GTEX-1RAZA,GTEX-1RAZA-0826,Thyroid
500,02220022111202211102220101,GTEX-1RAZQ,GTEX-1RAZQ-0926,Thyroid
501,10201102000211200100221110,GTEX-1RAZR,GTEX-1RAZR-1126,Thyroid
502,20202000000101020000121010,GTEX-1RLM8,GTEX-1RLM8-0126,Thyroid
503,02120110111112011011111112,GTEX-1RMOY,GTEX-1RMOY-0126,Thyroid
504,00100202012021212020211110,GTEX-1RNSC,GTEX-1RNSC-1126,Thyroid
505,10001011011011121010200101,GTEX-1RQEC,GTEX-1RQEC-1026,Thyroid
506,00210111200221010001121200,GTEX-1RQED,GTEX-1RQED-0926,Thyroid
507,00010112101112201201200101,GTEX-1S3DN,GTEX-1S3DN-0526,Thyroid
508,12201000211001021110021110,GTEX-1S5VW,GTEX-1S5VW-0826,Thyroid
509,21022101021012121100101200,GTEX-1S5ZA,GTEX-1S5ZA-0626,Thyroid
510,10111012001212211001222211,GTEX-1S5ZU,GTEX-1S5ZU-0726,Thyroid
511,01000100201111021010001110,GTEX-1S82P,GTEX-1S82P-0626,Thyroid
512,02210221102222112211220110,GTEX-1S82U,GTEX-1S82U-1826,Thyroid
513,12121020112122022102011010,GTEX-1S82Y,GTEX-1S82Y-0126,Thyroid
514,10111012111101211121221011,GTEX-1S82Z,GTEX-1S82Z-0226,Thyroid
515,22102002000012210010211200,GTEX-1S831,GTEX-1S831-1426,Thyroid
516,10101011100101110110110210,GTEX-1S83E,GTEX-1S83E-0726,Thyroid
517,12111011200102100111121211,GTEX-N7MS,GTEX-N7MS-2326,Thyroid
518,11011020200111020111000210,GTEX-NFK9,GTEX-NFK9-0726,Thyroid
519,11021020101101021002011010,GTEX-NL3H,GTEX-NL3H-1126,Thyroid
520,12101101002211112200210012,GTEX-NL4W,GTEX-NL4W-2426,Thyroid
521,10021021100202100012120120,GTEX-NPJ7,GTEX-NPJ7-1126,Thyroid
522,11101200101222021110022100,GTEX-NPJ8,GTEX-NPJ8-2526,Thyroid
523,11211012211122211001220000,GTEX-O5YT,GTEX-O5YT-2626,Thyroid
524,00210112200212210201221011,GTEX-O5YV,GTEX-O5YV-1526,Thyroid
525,10101000210002020000010111,GTEX-OHPL,GTEX-OHPL-2626,Thyroid
526,01100011001012111011110101,GTEX-OHPM,GTEX-OHPM-2626,Thyroid
527,11221022111212001002221000,GTEX-OHPN,GTEX-OHPN-0626,Thyroid
528,00100012010001220000212101,GTEX-OIZF,GTEX-OIZF-2626,Thyroid
529,02110122212112202112221011,GTEX-OIZG,GTEX-OIZG-0226,Thyroid
530,00210012100112010011220110,GTEX-OIZH,GTEX-OIZH-2626,Thyroid
531,22202012002001202111220110,GTEX-OIZI,GTEX-OIZI-0726,Thyroid
532,20212120110011020112022110,GTEX-OOBJ,GTEX-OOBJ-2626,Thyroid
533,02120122202012002112210001,GTEX-OOBK,GTEX-OOBK-2626,Thyroid
534,11111012201112001001221011,GTEX-OXRK,GTEX-OXRK-0626,Thyroid
535,02110121212221112001110100,GTEX-OXRL,GTEX-OXRL-2626,Thyroid
536,11201202011121211210221120,GTEX-OXRN,GTEX-OXRN-1526,Thyroid
537,00010012000102000001210020,GTEX-OXRO,GTEX-OXRO-1226,Thyroid
538,01100112101101221101122001,GTEX-OXRP,GTEX-OXRP-0326,Thyroid
539,11111011101102111101120011,GTEX-P44G,GTEX-P44G-0626,Thyroid
540,10121221110222110202111110,GTEX-P44H,GTEX-P44H-0926,Thyroid
541,10001101200112100110102020,GTEX-P4PP,GTEX-P4PP-2626,Thyroid
542,01110010101101021001010000,GTEX-P4PQ,GTEX-P4PQ-2626,Thyroid
543,10111102101112201010211011,GTEX-P4QS,GTEX-P4QS-2626,Thyroid
544,10211012121111201001221111,GTEX-P4QT,GTEX-P4QT-2626,Thyroid
545,11011122201212201211100100,GTEX-P78B,GTEX-P78B-0526,Thyroid
546,11111022111101201101210101,GTEX-PLZ4,GTEX-PLZ4-1226,Thyroid
547,01200101001111121100122111,GTEX-POMQ,GTEX-POMQ-1026,Thyroid
548,20102111111110121010111101,GTEX-PSDG,GTEX-PSDG-0726,Thyroid
549,01120022001202211102212010,GTEX-PVOW,GTEX-PVOW-1326,Thyroid
550,21112212101122211111210111,GTEX-PW2O,GTEX-PW2O-1326,Thyroid
551,21212011201102111001220022,GTEX-PWN1,GTEX-PWN1-2626,Thyroid
552,10211012111102201101220201,GTEX-PWO3,GTEX-PWO3-1326,Thyroid
553,11101102201012221110220121,GTEX-PX3G,GTEX-PX3G-2626,Thyroid
554,12101002112102212010210201,GTEX-Q2AG,GTEX-Q2AG-0826,Thyroid
555,10111110000010020101010001,GTEX-Q2AH,GTEX-Q2AH-0726,Thyroid
556,11111012101201221001211000,GTEX-Q2AI,GTEX-Q2AI-0326,Thyroid
557,20112012100112210001220112,GTEX-Q734,GTEX-Q734-0526,Thyroid
558,00210012200112000001121021,GTEX-QDT8,GTEX-QDT8-1226,Thyroid
559,01000212012112212121211221,GTEX-QDVJ,GTEX-QDVJ-0226,Thyroid
560,12101000002102012110011121,GTEX-QDVN,GTEX-QDVN-0626,Thyroid
561,01000101102011112200111012,GTEX-QEG5,GTEX-QEG5-0826,Thyroid
562,12111111102112122011221021,GTEX-QEL4,GTEX-QEL4-0726,Thyroid
563,10011120002120022001002202,GTEX-QLQ7,GTEX-QLQ7-0726,Thyroid
564,00000002200202200210200102,GTEX-QMR6,GTEX-QMR6-1226,Thyroid
565,21012122211111201021210101,GTEX-QMRM,GTEX-QMRM-0726,Thyroid
566,11111012211111201211210110,GTEX-QV31,GTEX-QV31-0726,Thyroid
567,12011110221111021001021000,GTEX-QV44,GTEX-QV44-0826,Thyroid
568,11221122012210022002120000,GTEX-QVJO,GTEX-QVJO-1526,Thyroid
569,20222020001112121012021101,GTEX-QVUS,GTEX-QVUS-1126,Thyroid
570,20202112010012200101220010,GTEX-QXCU,GTEX-QXCU-0326,Thyroid
571,11001022121102201010201202,GTEX-R3RS,GTEX-R3RS-0726,Thyroid
572,01010011012102112101201010,GTEX-R53T,GTEX-R53T-0526,Thyroid
573,10201102101012201110221111,GTEX-R55C,GTEX-R55C-0626,Thyroid
574,20112012210202210011221100,GTEX-R55D,GTEX-R55D-0726,Thyroid
575,10001012211001211010200211,GTEX-R55E,GTEX-R55E-0826,Thyroid
576,00120122100211200112210010,GTEX-R55G,GTEX-R55G-0726,Thyroid
577,20102002111210201000210021,GTEX-REY6,GTEX-REY6-0526,Thyroid
578,02100101102111122000110111,GTEX-RM2N,GTEX-RM2N-0526,Thyroid
579,10201100100121020110121021,GTEX-RN5K,GTEX-RN5K-2826,Thyroid
580,21112012011112201011211112,GTEX-RN64,GTEX-RN64-0626,Thyroid
581,12101021101102111110111120,GTEX-RNOR,GTEX-RNOR-0926,Thyroid
582,12101022202100222100211200,GTEX-RTLS,GTEX-RTLS-0626,Thyroid
583,22022120122002122002000100,GTEX-RU1J,GTEX-RU1J-0226,Thyroid
584,20112110102122022211120002,GTEX-RU72,GTEX-RU72-0126,Thyroid
585,01120121101211121212120101,GTEX-RUSQ,GTEX-RUSQ-1026,Thyroid
586,11001201202122112110102001,GTEX-RVPV,GTEX-RVPV-1226,Thyroid
587,11111011211212121111110221,GTEX-RWS6,GTEX-RWS6-0626,Thyroid
588,11011012102212222001200101,GTEX-RWSA,GTEX-RWSA-0826,Thyroid
589,12211012202212202101221101,GTEX-S32W,GTEX-S32W-0726,Thyroid
590,02110011102112112001110011,GTEX-S33H,GTEX-S33H-0226,Thyroid
591,22112010011110021121011000,GTEX-S341,GTEX-S341-0226,Thyroid
592,11221122201122201112220112,GTEX-S3LF,GTEX-S3LF-0626,Thyroid
593,21222022101122201112220110,GTEX-S3XE,GTEX-S3XE-0726,Thyroid
594,02210111002211112101221111,GTEX-S4P3,GTEX-S4P3-0226,Thyroid
595,00010111100112120011111021,GTEX-S4Q7,GTEX-S4Q7-0326,Thyroid
596,11121022211212201212212102,GTEX-S4UY,GTEX-S4UY-0626,Thyroid
597,01210111101112121111121102,GTEX-S4Z8,GTEX-S4Z8-0326,Thyroid
598,20112111122112112021111101,GTEX-S7PM,GTEX-S7PM-0826,Thyroid
599,01110012111112211011210000,GTEX-S7SE,GTEX-S7SE-0726,Thyroid
600,00120111211122101001212202,GTEX-S7SF,GTEX-S7SF-0226,Thyroid
601,12101101011012121210121100,GTEX-S95S,GTEX-S95S-0126,Thyroid
602,02110110212211012001010111,GTEX-SE5C,GTEX-SE5C-0726,Thyroid
603,00020122001112201002210110,GTEX-SIU8,GTEX-SIU8-0626,Thyroid
604,12001112202010202010202010,GTEX-SJXC,GTEX-SJXC-0726,Thyroid
605,00220020102102022101022111,GTEX-SNOS,GTEX-SNOS-0226,Thyroid
606,01000102001011211210200011,GTEX-SUCS,GTEX-SUCS-0226,Thyroid
607,01200002202111212010221012,GTEX-T2IS,GTEX-T2IS-0626,Thyroid
608,21122220010002020212010201,GTEX-T2YK,GTEX-T2YK-0726,Thyroid
609,22122111202122122011120010,GTEX-T5JC,GTEX-T5JC-2026,Thyroid
610,22012111202111112001101120,GTEX-T5JW,GTEX-T5JW-1226,Thyroid
611,00100101210012110010221121,GTEX-T6MN,GTEX-T6MN-0626,Thyroid
612,20202002101002211100221110,GTEX-T6MO,GTEX-T6MO-0226,Thyroid
613,20112212200122210001210100,GTEX-T8EM,GTEX-T8EM-0226,Thyroid
614,00110110111012021111021000,GTEX-TKQ1,GTEX-TKQ1-0126,Thyroid
615,21112000001112011011021000,GTEX-TML8,GTEX-TML8-0226,Thyroid
616,00100001101202111000022210,GTEX-TMMY,GTEX-TMMY-0826,Thyroid
617,01110012111102211001211021,GTEX-TSE9,GTEX-TSE9-0626,Thyroid
618,11101001101211111020110001,GTEX-U3ZH,GTEX-U3ZH-0226,Thyroid
619,01120122101112211002211101,GTEX-U8T8,GTEX-U8T8-2326,Thyroid
620,11211011111112111011120111,GTEX-V955,GTEX-V955-0426,Thyroid
621,12101001011102111110110120,GTEX-VUSG,GTEX-VUSG-0426,Thyroid
622,01110210001122011101111100,GTEX-W5X1,GTEX-W5X1-0426,Thyroid
623,10011200100122020000110212,GTEX-WHPG,GTEX-WHPG-0226,Thyroid
624,11201002121000201020221120,GTEX-WHSB,GTEX-WHSB-1626,Thyroid
625,01110112221112211001210110,GTEX-WHSE,GTEX-WHSE-0626,Thyroid
626,00110022100211210202221102,GTEX-WI4N,GTEX-WI4N-0926,Thyroid
627,02200002012102212000221010,GTEX-WK11,GTEX-WK11-0926,Thyroid
628,21212011101102111001120001,GTEX-WL46,GTEX-WL46-0126,Thyroid
629,10101101001012111020220101,GTEX-WOFL,GTEX-WOFL-0726,Thyroid
630,12001002002001202210200110,GTEX-WQUQ,GTEX-WQUQ-1026,Thyroid
631,20012011011101121111211012,GTEX-WYBS,GTEX-WYBS-1926,Thyroid
632,20202002002011202100220000,GTEX-WYJK,GTEX-WYJK-1626,Thyroid
633,21112112011121221011212010,GTEX-WYVS,GTEX-WYVS-0326,Thyroid
634,12001202101010201100210010,GTEX-X15G,GTEX-X15G-0526,Thyroid
635,00100112201122221010210000,GTEX-X261,GTEX-X261-0726,Thyroid
636,01200101112012112010121101,GTEX-X4EP,GTEX-X4EP-2126,Thyroid
637,00010111011012111111111011,GTEX-X4XX,GTEX-X4XX-0926,Thyroid
638,00210010121011121001121111,GTEX-X4XY,GTEX-X4XY-0826,Thyroid
639,21202021101001111000122120,GTEX-X8HC,GTEX-X8HC-0726,Thyroid
640,12111112102021212201221210,GTEX-XBEC,GTEX-XBEC-0926,Thyroid
641,20102101100011110010010110,GTEX-XBED,GTEX-XBED-0126,Thyroid
642,00110102100011220110220201,GTEX-XBEW,GTEX-XBEW-0126,Thyroid
643,02010112102112212001220211,GTEX-XGQ4,GTEX-XGQ4-0426,Thyroid
644,01210011200122110101120010,GTEX-XK95,GTEX-XK95-0126,Thyroid
645,01210122100212010101221122,GTEX-XLM4,GTEX-XLM4-0726,Thyroid
646,21102001101201111200121111,GTEX-XMD1,GTEX-XMD1-0726,Thyroid
647,11101102112112202110211110,GTEX-XMD2,GTEX-XMD2-1226,Thyroid
648,11121010101112121001021212,GTEX-XMD3,GTEX-XMD3-0626,Thyroid
649,00010012200102200011211111,GTEX-XMK1,GTEX-XMK1-0626,Thyroid
650,01210221201122111001220111,GTEX-XOT4,GTEX-XOT4-1526,Thyroid
651,22002012102100202200200100,GTEX-XPVG,GTEX-XPVG-0126,Thyroid
652,00010002110012220000210021,GTEX-XQ3S,GTEX-XQ3S-0826,Thyroid
653,20102202111022011000221200,GTEX-XQ8I,GTEX-XQ8I-1226,Thyroid
654,00010022000211220101210110,GTEX-XUW1,GTEX-XUW1-1026,Thyroid
655,11211011110012120101120002,GTEX-XUZC,GTEX-XUZC-0126,Thyroid
656,01000102011010211010210000,GTEX-XV7Q,GTEX-XV7Q-0326,Thyroid
657,00200002100001200200221111,GTEX-XXEK,GTEX-XXEK-1326,Thyroid
658,12111120002011022102011100,GTEX-XYKS,GTEX-XYKS-0826,Thyroid
659,10121112200212200001221100,GTEX-Y111,GTEX-Y111-1926,Thyroid
660,21222110010011010011022200,GTEX-Y114,GTEX-Y114-0626,Thyroid
661,11211110001112121000020121,GTEX-Y3I4,GTEX-Y3I4-0226,Thyroid
662,11201111010200010000120100,GTEX-Y3IK,GTEX-Y3IK-0526,Thyroid
663,01110010201202021101021011,GTEX-Y5LM,GTEX-Y5LM-0626,Thyroid
664,11221021202201112002120110,GTEX-Y5V5,GTEX-Y5V5-0326,Thyroid
665,11111112102112202011220010,GTEX-Y5V6,GTEX-Y5V6-0526,Thyroid
666,00120012010101210101210112,GTEX-Y8E4,GTEX-Y8E4-0126,Thyroid
667,10211011101212011011220121,GTEX-Y8LW,GTEX-Y8LW-0226,Thyroid
668,11101102002112212100211021,GTEX-Y9LG,GTEX-Y9LG-0426,Thyroid
669,20122021010211100102211111,GTEX-YB5E,GTEX-YB5E-0626,Thyroid
670,10201012101011211001221101,GTEX-YB5K,GTEX-YB5K-0526,Thyroid
671,10021122011212201002210000,GTEX-YEC3,GTEX-YEC3-0826,Thyroid
672,01210010111002121001121021,GTEX-YEC4,GTEX-YEC4-0626,Thyroid
673,12101001102112112100110000,GTEX-YECK,GTEX-YECK-0826,Thyroid
674,11111112021212201011220001,GTEX-YF7O,GTEX-YF7O-0726,Thyroid
675,21112012201102211101221211,GTEX-YFC4,GTEX-YFC4-2626,Thyroid
676,01210111111011111111222121,GTEX-YJ89,GTEX-YJ89-0726,Thyroid
677,11111112200111200111222020,GTEX-YJ8A,GTEX-YJ8A-0226,Thyroid
678,10011111100112110101112111,GTEX-Z93S,GTEX-Z93S-0526,Thyroid
679,01210221212222112001120101,GTEX-Z9EW,GTEX-Z9EW-0226,Thyroid
680,01110012101101201111211120,GTEX-ZA64,GTEX-ZA64-0426,Thyroid
681,20202201101022121000220100,GTEX-ZAB4,GTEX-ZAB4-2026,Thyroid
682,10001001001011101100201111,GTEX-ZAB5,GTEX-ZAB5-0726,Thyroid
683,10111211111112111001111002,GTEX-ZAJG,GTEX-ZAJG-0726,Thyroid
684,21112212101122201101220012,GTEX-ZAK1,GTEX-ZAK1-0726,Thyroid
685,11011121112201112101210010,GTEX-ZC5H,GTEX-ZC5H-0626,Thyroid
686,00200112200201210110221110,GTEX-ZDTS,GTEX-ZDTS-0926,Thyroid
687,11211110201012021011120210,GTEX-ZDTT,GTEX-ZDTT-0626,Thyroid
688,20012211211020111001102012,GTEX-ZDXO,GTEX-ZDXO-1726,Thyroid
689,10111112000111210011211211,GTEX-ZDYS,GTEX-ZDYS-0626,Thyroid
690,12201001012211022110220120,GTEX-ZE7O,GTEX-ZE7O-1126,Thyroid
691,01120221101212111011210220,GTEX-ZEX8,GTEX-ZEX8-0926,Thyroid
692,12201002102101212100221101,GTEX-ZF28,GTEX-ZF28-0826,Thyroid
693,11111112201111211101211021,GTEX-ZF29,GTEX-ZF29-0726,Thyroid
694,02110111212112002101110010,GTEX-ZF2S,GTEX-ZF2S-0526,Thyroid
695,01120222111121201002220011,GTEX-ZF3C,GTEX-ZF3C-0826,Thyroid
696,01100111012122112000210210,GTEX-ZG7Y,GTEX-ZG7Y-0226,Thyroid
697,21102010000020020221020101,GTEX-ZGAY,GTEX-ZGAY-1026,Thyroid
698,21122121000111120002012200,GTEX-ZLFU,GTEX-ZLFU-0626,Thyroid
699,01110120202222022001010101,GTEX-ZLV1,GTEX-ZLV1-0126,Thyroid
700,10101111101222101000111111,GTEX-ZLWG,GTEX-ZLWG-0526,Thyroid
701,01010112200111200011201110,GTEX-ZP4G,GTEX-ZP4G-0226,Thyroid
702,11201101221212101010121000,GTEX-ZPCL,GTEX-ZPCL-0126,Thyroid
703,21012011101100111001102022,GTEX-ZPIC,GTEX-ZPIC-0226,Thyroid
704,21222110011012021201020100,GTEX-ZPU1,GTEX-ZPU1-0426,Thyroid
705,02000110112010022110000111,GTEX-ZQG8,GTEX-ZQG8-0926,Thyroid
706,20222120020001120202021000,GTEX-ZQUD,GTEX-ZQUD-0126,Thyroid
707,00020122200212210012200001,GTEX-ZT9W,GTEX-ZT9W-0226,Thyroid
708,11211122211111201001221112,GTEX-ZT9X,GTEX-ZT9X-0226,Thyroid
709,21122022211212201002210111,GTEX-ZTPG,GTEX-ZTPG-0826,Thyroid
710,01120121002112122012210010,GTEX-ZTSS,GTEX-ZTSS-0226,Thyroid
711,00100112200110000210210001,GTEX-ZTTD,GTEX-ZTTD-0926,Thyroid
712,10121001010112120101010010,GTEX-ZTX8,GTEX-ZTX8-0626,Thyroid
713,11111122101212221101211000,GTEX-ZUA1,GTEX-ZUA1-0926,Thyroid
714,11001020111200021100000111,GTEX-ZV68,GTEX-ZV68-0726,Thyroid
715,10201102001112211000221010,GTEX-ZV6S,GTEX-ZV6S-0226,Thyroid
716,21122220010010010112011000,GTEX-ZV7C,GTEX-ZV7C-0126,Thyroid
717,01200002001002221210221010,GTEX-ZVE1,GTEX-ZVE1-0826,Thyroid
718,01100001102101102100210100,GTEX-ZVE2,GTEX-ZVE2-1126,Thyroid
719,10011210101200021201002101,GTEX-ZVP2,GTEX-ZVP2-0426,Thyroid
720,11111122101111201101210202,GTEX-ZVT2,GTEX-ZVT2-1126,Thyroid
721,00200010010012020010020121,GTEX-ZVT3,GTEX-ZVT3-0726,Thyroid
722,01210011011101121011120112,GTEX-ZVT4,GTEX-ZVT4-1226,Thyroid
723,01210112011121211111220221,GTEX-ZVZP,GTEX-ZVZP-1026,Thyroid
724,10201001100022110010120002,GTEX-ZVZQ,GTEX-ZVZQ-0626,Thyroid
725,10011011011201101101110011,GTEX-ZWKS,GTEX-ZWKS-1026,Thyroid
726,01210112111012211001222210,GTEX-ZXES,GTEX-ZXES-0326,Thyroid
727,10001211101111111010101011,GTEX-ZXG5,GTEX-ZXG5-0926,Thyroid
728,12211210012112122011021200,GTEX-ZY6K,GTEX-ZY6K-0226,Thyroid
729,11121020110210010102020100,GTEX-ZYFC,GTEX-ZYFC-0926,Thyroid
730,00000102100021210200220211,GTEX-ZYFD,GTEX-ZYFD-0826,Thyroid
731,10101011100212110000111110,GTEX-ZYFG,GTEX-ZYFG-0626,Thyroid
732,10001001210012120010111120,GTEX-ZYT6,GTEX-ZYT6-0426,Thyroid
733,01210012111112001001121100,GTEX-ZYVF,GTEX-ZYVF-1126,Thyroid
734,21122110022211022001211202,GTEX-ZYW4,GTEX-ZYW4-1126,Thyroid
735,00220122202112212102220100,GTEX-ZYY3,GTEX-ZYY3-1926,Thyroid
736,11211221011221111011120000,GTEX-ZZ64,GTEX-ZZ64-0126,Thyroid
737,10111121121012121212120111,GTEX-ZZPT,GTEX-ZZPT-0826,Thyroid
738,00100010201201021000011101,GTEX-ZZPU,GTEX-ZZPU-1326,Thyroid
